email,fullname,dob,location,blood,aadhar
abc@gmail.com,abc,21-11-2011,cbe,o+ve,1234456
email,fullname,dob,location,blood,aadhar
sneha@gmail.com,sneha,11-11-2011,cbe,o+ve,1111111111
email,fullname,dob,location,blood,aadhar
sneha@gmail.com,sneha,11-11-2011,cbe,o+ve,1111111111
email,fullname,dob,location,blood,aadhar
sneha@gmail.com,sneha,11-11-2011,cbe,o+ve,1111111111
email,fullname,dob,location,blood,aadhar
shobika@gmail.com,shobika,01-01-2002,cbe,o+ve,0
email,fullname,dob,location,blood,aadhar
mark@gmal.com,mark,1-11-111,cbe,o,11111
email,fullname,dob,location,blood,aadhar
aa,aa,a,a,a,aa
email,fullname,dob,location,blood,aadhar
abcd@gmail.c0m,a,s,s,s,s
email,fullname,dob,location,blood,aadhar
a,a,a,asr,rr,ff
email,fullname,dob,location,blood,aadhar
shebi@gmail.como,shebi,20-01-2001,coimbatore,O+,1.23457E+11
email,fullname,dob,location,blood,aadhar
shebi@gmail.com,,,,,
email,fullname,dob,location,blood,aadhar
mithra@gmail.com,mithra,20.6.2007,coimbatore,o+ve,3456789902
email,fullname,dob,location,blood,aadhar
sneha@gmail.com,sneha,17-04-2003,coimbatore,0+ve,234567890
email,fullname,dob,location,blood,aadhar
sid@gmail.com,yeshwanth,12.4.2003,cbe,o+veqw2ebhgrt,12345670999
email,fullname,dob,location,blood,aadhar
aaa,gg,nh,r,w,qw
email,fullname,dob,location,blood,aadhar
abc@gmail.com,abc,1-11-1111,cbe,o,1111
